Name,Location,Rating,Contact
HealthyGlow By Lima,"1900 Del Paso Rd, Sacramento, CA, 95834",5.0,+19169522587
MM Beauty,"1515 8th St, Sacramento, CA, 95816",5.0,+19165209310
Sacramento Medical Spa,"705 University Ave, Sacramento, CA, 95825",5.0,+19257868799
The Zimmerman Center,"2370 E Bidwell, Folsom, CA, 95630",4.5,+19169830550
Skin and Lashes by Becky,"520 Plaza Dr, Folsom, CA, 95630",5.0,+19162043355
Beyond Aesthetics,"2335 American River Dr, Sacramento, CA, 95825",4.0,+19165671700
Defining Beauty Permanent Cosmetics,"2220 J St, Sacramento, CA, 95816",4.5,+19164765364
San Severo Salon,"1931 P St, Sacramento, CA, 95814",4.5,+19164414414
Toft Facial Plastic Surgery,"959 Reserve Dr, Roseville, CA, 95678",4.5,+19167828638
Tighten It Spa,"1013 Galleria Blvd, Roseville, CA, 95678",4.0,+19167920772
